{
  "matrix": {
    "A_bare": {
      "CC": 3.6,
      "CG": 3.088888888888889,
      "GC": 4.066666666666666,
      "GG": 3.444444444444444
    },
    "B_simple": {
      "CC": 3.6222222222222222,
      "CG": 3.422222222222222,
      "GC": 4.444444444444445,
      "GG": 3.6222222222222222
    },
    "C_full": {
      "CC": 4.555555555555555,
      "CG": 3.2222222222222223,
      "GC": 1.4000000000000001,
      "GG": 1.8444444444444446
    },
    "E_rules_v2": {
      "CC": 3.8222222222222224,
      "CG": 3.8222222222222224,
      "GC": 4.444444444444445,
      "GG": 3.6888888888888887
    },
    "F_template": {
      "CC": 4.044444444444444,
      "CG": 3.4,
      "GC": 3.8222222222222224,
      "GG": 3.4
    },
    "G_template_rules": {
      "CC": 4.644444444444444,
      "CG": 4.133333333333334,
      "GC": 4.288888888888889,
      "GG": 3.688888888888889
    },
    "H2_keep_examples": {
      "CC": 4.711111111111111,
      "CG": 3.9555555555555557,
      "GC": 4.155555555555555,
      "GG": 3.3555555555555556
    },
    "H3_skeleton": {
      "CC": 4.333333333333333,
      "CG": 4.2,
      "GC": 4.133333333333333,
      "GG": 3.8
    },
    "H4_sop_only": {
      "CC": 4.175,
      "CG": 4.088888888888889,
      "GC": 4.111111111111111,
      "GG": 3.7777777777777777
    }
  },
  "claude_bias": 0.46388888888888874,
  "gpt_bias": -0.4716049382716049,
  "cross_ranking": [
    [
      "G_template_rules",
      4.211111111111111
    ],
    [
      "H3_skeleton",
      4.166666666666666
    ],
    [
      "E_rules_v2",
      4.133333333333334
    ],
    [
      "H4_sop_only",
      4.1
    ],
    [
      "H2_keep_examples",
      4.055555555555555
    ],
    [
      "B_simple",
      3.9333333333333336
    ],
    [
      "F_template",
      3.611111111111111
    ],
    [
      "A_bare",
      3.5777777777777775
    ],
    [
      "C_full",
      2.3111111111111113
    ]
  ]
}