{
  "ranking": [
    [
      "H3_skeleton",
      0.9852830188679247,
      1.822,
      4.0311111111111115
    ],
    [
      "G_template_rules",
      0.9676558033161804,
      1.8262222222222222,
      4.0
    ],
    [
      "H2_keep_examples",
      0.8580846197827328,
      1.74,
      3.9466666666666668
    ],
    [
      "E_rules_v2",
      0.8484848484848482,
      1.8393333333333333,
      3.8088888888888888
    ],
    [
      "C_full",
      0.5990851915380218,
      1.7704444444444445,
      3.528888888888889
    ],
    [
      "F_template",
      0.3842309891366494,
      1.4424444444444444,
      3.6222222222222222
    ],
    [
      "B_simple",
      0.2828359062321329,
      1.522888888888889,
      3.3733333333333335
    ],
    [
      "A_bare",
      0.0,
      1.2504444444444445,
      3.2977777777777777
    ]
  ],
  "auto_avgs": {
    "A_bare": 1.2504444444444445,
    "B_simple": 1.522888888888889,
    "C_full": 1.7704444444444445,
    "E_rules_v2": 1.8393333333333333,
    "F_template": 1.4424444444444444,
    "G_template_rules": 1.8262222222222222,
    "H2_keep_examples": 1.74,
    "H3_skeleton": 1.822
  },
  "gpt_avgs": {
    "A_bare": 3.2977777777777777,
    "B_simple": 3.3733333333333335,
    "C_full": 3.528888888888889,
    "E_rules_v2": 3.8088888888888888,
    "F_template": 3.6222222222222222,
    "G_template_rules": 4.0,
    "H2_keep_examples": 3.9466666666666668,
    "H3_skeleton": 4.0311111111111115
  }
}